[
	{ 
		"id":0, 
		"name":"RoverA", 
		"speci":"Dog", 
		"gender":"Male", 
		"years": 3.5, 
		"symptoms":["Bleeding"],
		"admittedDate":"2019-04-01",
		"deleted": false
	},

	{ 
		"id":8, 
		"name":"Toby B", 
		"speci":"Cat", 
		"gender":"Male", 
		"years": 1.25, 
		"symptoms":["Bleeding", "Cold"],
		"admittedDate":"2019-05-01",
		"deleted": true
	},

	
	{ "id":1, "name":"KingA" , "speci":"Cat" , "gender":"Female" , "years":1.2, "symptoms":["Bleeding"] , "admittedDate":"2019-04-02", "deleted": false },
	{ "id":2, "name":"KittyA" , "speci":"Cat" , "gender":"Male" , "years":3, "symptoms":["Swating" , "RefusingFood"] , "admittedDate":"2019-04-02", "deleted": false },
	{ "id":3, "name":"PeterA" , "speci":"Bird" , "gender":"Male" , "years":1, "symptoms":["Sleeping"] , "admittedDate":"2019-04-03", "deleted": false },
	{ "id":4, "name":"TommyA" , "speci":"Dog" , "gender":"Female" , "years":2, "symptoms":["Cold"] , "admittedDate":"2019-04-03", "deleted": false },

	{ "id":5, "name":"TommyPHP1" , "speci":"Dog" , "gender":"Female" , "years":4, "symptoms":["Cold"] , "admittedDate":"2019-04-03", "deleted": false },
	{ "id":6, "name":"TommyPHP2" , "speci":"Dog" , "gender":"Female" , "years":6, "symptoms":["Cold"] , "admittedDate":"2019-04-03" },
	{ "id":7, "name":"TommyPHP3" , "speci":"Dog" , "gender":"Female" , "years":5, "symptoms":["Cold"] , "admittedDate":"2019-04-03" }


]